run,K,sw,lambda,T,B,Z,zone_len_min,zone_len_max,zone_len_mean,change_points_count,merged_zones_count,total_F,total_R,F_ratio,F_mean_per_block,F_std_per_block,R_mean_per_block,cost_mean_per_block,cost_std_per_block,cost_sum_all_blocks,k_mean,k1_count,k2_count,k3_count,k4_count,I_cut_mean,I_cut_std,I_l1cos_mean,I_l1cos_std,Delta_abs_mean,Delta_abs_max
sweep_K10_sw2_lam0.25_kmax4,10,2,0.25,250,28,9,2,125,27.77777777777778,10,9,1962,5038,0.2803,70.07,21.155763,179.93,1.162913,0.36948,32.561567,3.488095,2,56,11,183,0.22654899340171636,0.07212749559352427,0.09387796406793612,0.049339878286050555,0.0021406074838330033,0.08546559990014893
sweep_K10_sw2_lam0.5_kmax4,10,2,0.5,250,28,9,2,125,27.77777777777778,10,9,1848,5152,0.264,66.0,0.0,184.0,1.899449,0.37209,53.184567,3.511905,0,56,11,185,0.22654899340171636,0.07212749559352427,0.09387796406793612,0.049339878286050555,0.0021406074838330033,0.08546559990014893
sweep_K10_sw2_lam1.0_kmax4,10,2,1.0,250,28,9,2,125,27.77777777777778,10,9,1848,5152,0.264,66.0,0.0,184.0,3.370009,0.37209,94.360265,3.511905,0,56,11,185,0.22654899340171636,0.07212749559352427,0.09387796406793612,0.049339878286050555,0.0021406074838330033,0.08546559990014893
