{
  "model": "dit_xl2",
  "T": 150,
  "num_blocks": 28,
  "num_layers": 140,
  "num_quantized_layers": 0,
  "bytes_per_element": 4,
  "weight_bytes_per_element": 4,
  "activation_bytes_per_element": 4,
  "cache_output_bytes_per_element": 4,
  "baseline_bytes": 440971776000,
  "cached_bytes": 170299100160,
  "reduction_ratio": 0.6138095238095238,
  "baseline_bytes_per_step": 2939811840.0,
  "cached_bytes_per_step": 1135327334.4,
  "global_cim_max_dim": 6912,
  "global_cim_max_array_size": 7962624,
  "s3_cache_storage_bytes": 33030144,
  "baseline_readable": "410.6870 GB (440,971,776,000 B)",
  "baseline_KB": 430636500.0,
  "baseline_MB": 420543.45703125,
  "baseline_GB": 410.6869697570801,
  "cached_readable": "158.6034 GB (170,299,100,160 B)",
  "cached_KB": 166307715.0,
  "cached_MB": 162409.8779296875,
  "cached_GB": 158.60339641571045,
  "baseline_per_step_readable": "2.7379 GB (2,939,811,840 B)",
  "baseline_per_step_KB": 2870910.0,
  "baseline_per_step_MB": 2803.623046875,
  "baseline_per_step_GB": 2.737913131713867,
  "cached_per_step_readable": "1.0574 GB (1,135,327,334 B)",
  "cached_per_step_KB": 1108718.1,
  "cached_per_step_MB": 1082.73251953125,
  "cached_per_step_GB": 1.0573559761047364,
  "global_cim_max_array_size_readable": "7,962,624 cells",
  "global_cim_max_array_size_K": 7962.624,
  "global_cim_max_array_size_M": 7.962624,
  "s3_cache_storage_readable": "31.5000 MB (33,030,144 B)",
  "s3_cache_storage_KB": 32256.0,
  "s3_cache_storage_MB": 31.5,
  "s3_cache_storage_GB": 0.03076171875
}